ID	Gene_Variants	Gene_Families	Resistance_Class
NZ_CP157361.1	AAC(6')-Ib7	AAC(6')	aminoglycoside antibiotic
NZ_CP157366.1	AAC(6')-Ib7	AAC(6')	aminoglycoside antibiotic
NZ_CP157361.1	AAK-1	AAK beta-lactamase	carbapenem
NZ_CP157363.1	AAK-1	AAK beta-lactamase	carbapenem
NZ_CP157361.1	ANT(3'')-II-AAC(6')-IId bifunctional protein	aminoglycoside bifunctional resistance protein	aminoglycoside antibiotic
NZ_CP157361.1	AcrF	resistance-nodulation-cell division (RND) antibiotic efflux pump	cephalosporin;cephamycin;fluoroquinolone antibiotic;penam
NZ_CP157361.1	ArnT	pmr phosphoethanolamine transferase	peptide antibiotic
NZ_CP157361.1	CRP	resistance-nodulation-cell division (RND) antibiotic efflux pump	fluoroquinolone antibiotic;macrolide antibiotic;penam
NZ_CP157363.1	CTX-M-102	CTX-M beta-lactamase	cephalosporin
NZ_CP157363.1	CTX-M-104	CTX-M beta-lactamase	cephalosporin
NZ_CP157363.1	CTX-M-105	CTX-M beta-lactamase	cephalosporin
NZ_CP157363.1	CTX-M-106	CTX-M beta-lactamase	cephalosporin
NZ_CP157363.1	CTX-M-110	CTX-M beta-lactamase	cephalosporin
NZ_CP157363.1	CTX-M-111	CTX-M beta-lactamase	cephalosporin
NZ_CP157363.1	CTX-M-112	CTX-M beta-lactamase	cephalosporin
NZ_CP157363.1	CTX-M-113	CTX-M beta-lactamase	cephalosporin
NZ_CP157363.1	CTX-M-121	CTX-M beta-lactamase	cephalosporin
NZ_CP157363.1	CTX-M-122	CTX-M beta-lactamase	cephalosporin
NZ_CP157363.1	CTX-M-125	CTX-M beta-lactamase	cephalosporin
NZ_CP157363.1	CTX-M-126	CTX-M beta-lactamase	cephalosporin
NZ_CP157363.1	CTX-M-129	CTX-M beta-lactamase	cephalosporin
NZ_CP157363.1	CTX-M-13	CTX-M beta-lactamase	cephalosporin
NZ_CP157363.1	CTX-M-130	CTX-M beta-lactamase	cephalosporin
NZ_CP157363.1	CTX-M-134	CTX-M beta-lactamase	cephalosporin
NZ_CP157363.1	CTX-M-137	CTX-M beta-lactamase	cephalosporin
NZ_CP157363.1	CTX-M-14	CTX-M beta-lactamase	cephalosporin
NZ_CP157363.1	CTX-M-140	CTX-M beta-lactamase	cephalosporin
NZ_CP157363.1	CTX-M-147	CTX-M beta-lactamase	cephalosporin
NZ_CP157363.1	CTX-M-148	CTX-M beta-lactamase	cephalosporin
NZ_CP157363.1	CTX-M-159	CTX-M beta-lactamase	cephalosporin
NZ_CP157363.1	CTX-M-16	CTX-M beta-lactamase	cephalosporin
NZ_CP157363.1	CTX-M-161	CTX-M beta-lactamase	cephalosporin
NZ_CP157363.1	CTX-M-168	CTX-M beta-lactamase	cephalosporin
NZ_CP157363.1	CTX-M-17	CTX-M beta-lactamase	cephalosporin
NZ_CP157363.1	CTX-M-174	CTX-M beta-lactamase	cephalosporin
NZ_CP157363.1	CTX-M-19	CTX-M beta-lactamase	cephalosporin
NZ_CP157363.1	CTX-M-191	CTX-M beta-lactamase	cephalosporin
NZ_CP157363.1	CTX-M-192	CTX-M beta-lactamase	cephalosporin
NZ_CP157363.1	CTX-M-195	CTX-M beta-lactamase	cephalosporin
NZ_CP157363.1	CTX-M-196	CTX-M beta-lactamase	cephalosporin
NZ_CP157363.1	CTX-M-198	CTX-M beta-lactamase	cephalosporin
NZ_CP157363.1	CTX-M-201	CTX-M beta-lactamase	cephalosporin
NZ_CP157363.1	CTX-M-21	CTX-M beta-lactamase	cephalosporin
NZ_CP157363.1	CTX-M-213	CTX-M beta-lactamase	cephalosporin
NZ_CP157363.1	CTX-M-214	CTX-M beta-lactamase	cephalosporin
NZ_CP157363.1	CTX-M-215	CTX-M beta-lactamase	cephalosporin
NZ_CP157363.1	CTX-M-219	CTX-M beta-lactamase	cephalosporin
NZ_CP157363.1	CTX-M-221	CTX-M beta-lactamase	cephalosporin
NZ_CP157363.1	CTX-M-223	CTX-M beta-lactamase	cephalosporin
NZ_CP157363.1	CTX-M-233	CTX-M beta-lactamase	cephalosporin
NZ_CP157363.1	CTX-M-235	CTX-M beta-lactamase	cephalosporin
NZ_CP157363.1	CTX-M-239	CTX-M beta-lactamase	cephalosporin
NZ_CP157363.1	CTX-M-24	CTX-M beta-lactamase	cephalosporin
NZ_CP157363.1	CTX-M-240	CTX-M beta-lactamase	cephalosporin
NZ_CP157363.1	CTX-M-241	CTX-M beta-lactamase	cephalosporin
NZ_CP157363.1	CTX-M-242	CTX-M beta-lactamase	cephalosporin
NZ_CP157363.1	CTX-M-27	CTX-M beta-lactamase	carbapenem;cephalosporin;penam
NZ_CP157363.1	CTX-M-38	CTX-M beta-lactamase	cephalosporin
NZ_CP157363.1	CTX-M-45	CTX-M beta-lactamase	cephalosporin
NZ_CP157363.1	CTX-M-46	CTX-M beta-lactamase	cephalosporin
NZ_CP157363.1	CTX-M-47	CTX-M beta-lactamase	cephalosporin
NZ_CP157363.1	CTX-M-48	CTX-M beta-lactamase	cephalosporin
NZ_CP157363.1	CTX-M-49	CTX-M beta-lactamase	cephalosporin
NZ_CP157363.1	CTX-M-50	CTX-M beta-lactamase	cephalosporin
NZ_CP157363.1	CTX-M-51	CTX-M beta-lactamase	cephalosporin
NZ_CP157363.1	CTX-M-65	CTX-M beta-lactamase	cephalosporin
NZ_CP157363.1	CTX-M-67	CTX-M beta-lactamase	cephalosporin
NZ_CP157363.1	CTX-M-73	CTX-M beta-lactamase	cephalosporin
NZ_CP157363.1	CTX-M-81	CTX-M beta-lactamase	cephalosporin
NZ_CP157363.1	CTX-M-83	CTX-M beta-lactamase	cephalosporin
NZ_CP157363.1	CTX-M-84	CTX-M beta-lactamase	cephalosporin
NZ_CP157363.1	CTX-M-85	CTX-M beta-lactamase	cephalosporin
NZ_CP157363.1	CTX-M-86	CTX-M beta-lactamase	cephalosporin
NZ_CP157363.1	CTX-M-87	CTX-M beta-lactamase	cephalosporin
NZ_CP157363.1	CTX-M-9	CTX-M beta-lactamase	cephalosporin
NZ_CP157363.1	CTX-M-90	CTX-M beta-lactamase	cephalosporin
NZ_CP157363.1	CTX-M-93	CTX-M beta-lactamase	cephalosporin
NZ_CP157363.1	CTX-M-98	CTX-M beta-lactamase	cephalosporin
NZ_CP157363.1	CTX-M-99	CTX-M beta-lactamase	cephalosporin
NZ_CP157361.1	Enterobacter cloacae acrA	resistance-nodulation-cell division (RND) antibiotic efflux pump	cephalosporin;disinfecting agents and antiseptics;fluoroquinolone antibiotic;glycylcycline;penam;phenicol antibiotic;rifamycin antibiotic;tetracycline antibiotic
NZ_CP157361.1	Escherichia coli acrA	resistance-nodulation-cell division (RND) antibiotic efflux pump	cephalosporin;disinfecting agents and antiseptics;fluoroquinolone antibiotic;glycylcycline;penam;phenicol antibiotic;rifamycin antibiotic;tetracycline antibiotic
NZ_CP157361.1	Escherichia coli mdfA	major facilitator superfamily (MFS) antibiotic efflux pump	disinfecting agents and antiseptics;phenicol antibiotic;tetracycline antibiotic
NZ_CP157361.1	FosA6	fosfomycin thiol transferase	phosphonic acid antibiotic
NZ_CP157361.1	H-NS	major facilitator superfamily (MFS) antibiotic efflux pump;resistance-nodulation-cell division (RND) antibiotic efflux pump	cephalosporin;cephamycin;fluoroquinolone antibiotic;macrolide antibiotic;penam;tetracycline antibiotic
NZ_CP157363.1	KPC-66	KPC beta-lactamase	carbapenem;cephalosporin;monobactam;penam
NZ_CP157363.1	KPC-73	KPC beta-lactamase	carbapenem;cephalosporin;monobactam;penam
NZ_CP157361.1	Klebsiella pneumoniae KpnE	small multidrug resistance (SMR) antibiotic efflux pump	aminoglycoside antibiotic;cephalosporin;disinfecting agents and antiseptics;macrolide antibiotic;peptide antibiotic;rifamycin antibiotic;tetracycline antibiotic
NZ_CP157361.1	Klebsiella pneumoniae KpnF	small multidrug resistance (SMR) antibiotic efflux pump	aminoglycoside antibiotic;cephalosporin;disinfecting agents and antiseptics;macrolide antibiotic;peptide antibiotic;rifamycin antibiotic;tetracycline antibiotic
NZ_CP157361.1	Klebsiella pneumoniae KpnG	major facilitator superfamily (MFS) antibiotic efflux pump	aminoglycoside antibiotic;carbapenem;cephalosporin;fluoroquinolone antibiotic;macrolide antibiotic;penam;penem;peptide antibiotic
NZ_CP157361.1	Klebsiella pneumoniae KpnH	major facilitator superfamily (MFS) antibiotic efflux pump	aminoglycoside antibiotic;carbapenem;cephalosporin;fluoroquinolone antibiotic;macrolide antibiotic;penam;penem;peptide antibiotic
NZ_CP157361.1	Klebsiella pneumoniae OmpK37	General Bacterial Porin with reduced permeability to beta-lactams	carbapenem;cephalosporin;cephamycin;monobactam;penam;penem
NZ_CP157361.1	Klebsiella pneumoniae OmpK37	General Bacterial Porin with reduced permeability to beta-lactams	carbapenem;cephalosporin;cephamycin;monobactam;penam;penem
NZ_CP157361.1	Klebsiella pneumoniae acrA	resistance-nodulation-cell division (RND) antibiotic efflux pump	cephalosporin;disinfecting agents and antiseptics;fluoroquinolone antibiotic;glycylcycline;penam;phenicol antibiotic;rifamycin antibiotic;tetracycline antibiotic
NZ_CP157366.1	LAP-1	LAP beta-lactamase	cephalosporin;penam;penem
NZ_CP157366.1	LAP-2	LAP beta-lactamase	cephalosporin;penam;penem
NZ_CP157361.1	LEN-1	LEN beta-lactamase	penam;penem
NZ_CP157361.1	LEN-10	LEN beta-lactamase	penam;penem
NZ_CP157361.1	LEN-11	LEN beta-lactamase	penam;penem
NZ_CP157363.1	LEN-11	LEN beta-lactamase	penam;penem
NZ_CP157361.1	LEN-12	LEN beta-lactamase	penam;penem
NZ_CP157363.1	LEN-12	LEN beta-lactamase	penam;penem
NZ_CP157361.1	LEN-13	LEN beta-lactamase	penam;penem
NZ_CP157361.1	LEN-14	LEN beta-lactamase	penam;penem
NZ_CP157361.1	LEN-15	LEN beta-lactamase	penam;penem
NZ_CP157361.1	LEN-16	LEN beta-lactamase	penam;penem
NZ_CP157361.1	LEN-17	LEN beta-lactamase	penam;penem
NZ_CP157363.1	LEN-17	LEN beta-lactamase	penam;penem
NZ_CP157361.1	LEN-18	LEN beta-lactamase	penam;penem
NZ_CP157361.1	LEN-19	LEN beta-lactamase	penam;penem
NZ_CP157363.1	LEN-19	LEN beta-lactamase	penam;penem
NZ_CP157361.1	LEN-2	LEN beta-lactamase	penam;penem
NZ_CP157363.1	LEN-2	LEN beta-lactamase	penam;penem
NZ_CP157361.1	LEN-20	LEN beta-lactamase	penam;penem
NZ_CP157363.1	LEN-20	LEN beta-lactamase	penam;penem
NZ_CP157361.1	LEN-21	LEN beta-lactamase	penam;penem
NZ_CP157363.1	LEN-21	LEN beta-lactamase	penam;penem
NZ_CP157361.1	LEN-22	LEN beta-lactamase	penam;penem
NZ_CP157363.1	LEN-22	LEN beta-lactamase	penam;penem
NZ_CP157361.1	LEN-23	LEN beta-lactamase	penam;penem
NZ_CP157361.1	LEN-24	LEN beta-lactamase	penam;penem
NZ_CP157363.1	LEN-24	LEN beta-lactamase	penam;penem
NZ_CP157361.1	LEN-25	LEN beta-lactamase	penam;penem
NZ_CP157361.1	LEN-26	LEN beta-lactamase	penam;penem
NZ_CP157361.1	LEN-27	LEN beta-lactamase	penam;penem
NZ_CP157363.1	LEN-27	LEN beta-lactamase	penam;penem
NZ_CP157361.1	LEN-28	LEN beta-lactamase	penam;penem
NZ_CP157363.1	LEN-28	LEN beta-lactamase	penam;penem
NZ_CP157361.1	LEN-3	LEN beta-lactamase	penam;penem
NZ_CP157361.1	LEN-30	LEN beta-lactamase	penam;penem
NZ_CP157363.1	LEN-30	LEN beta-lactamase	penam;penem
NZ_CP157361.1	LEN-31	LEN beta-lactamase	penam;penem
NZ_CP157363.1	LEN-31	LEN beta-lactamase	penam;penem
NZ_CP157361.1	LEN-32	LEN beta-lactamase	penam;penem
NZ_CP157361.1	LEN-34	LEN beta-lactamase	penam;penem
NZ_CP157363.1	LEN-34	LEN beta-lactamase	penam;penem
NZ_CP157361.1	LEN-35	LEN beta-lactamase	penam;penem
NZ_CP157361.1	LEN-36	LEN beta-lactamase	penam;penem
NZ_CP157363.1	LEN-36	LEN beta-lactamase	penam;penem
NZ_CP157361.1	LEN-37	LEN beta-lactamase	penam;penem
NZ_CP157361.1	LEN-38	LEN beta-lactamase	penam;penem
NZ_CP157361.1	LEN-39	LEN beta-lactamase	penam;penem
NZ_CP157361.1	LEN-4	LEN beta-lactamase	penam;penem
NZ_CP157361.1	LEN-40	LEN beta-lactamase	penam;penem
NZ_CP157363.1	LEN-40	LEN beta-lactamase	penam;penem
NZ_CP157361.1	LEN-41	LEN beta-lactamase	penam;penem
NZ_CP157363.1	LEN-41	LEN beta-lactamase	penam;penem
NZ_CP157361.1	LEN-42	LEN beta-lactamase	penam;penem
NZ_CP157361.1	LEN-43	LEN beta-lactamase	penam;penem
NZ_CP157363.1	LEN-43	LEN beta-lactamase	penam;penem
NZ_CP157361.1	LEN-5	LEN beta-lactamase	penam;penem
NZ_CP157363.1	LEN-5	LEN beta-lactamase	penam;penem
NZ_CP157361.1	LEN-51	LEN beta-lactamase	penam;penem
NZ_CP157361.1	LEN-55	LEN beta-lactamase	penam;penem
NZ_CP157361.1	LEN-58	LEN beta-lactamase	penam;penem
NZ_CP157363.1	LEN-58	LEN beta-lactamase	penam;penem
NZ_CP157361.1	LEN-6	LEN beta-lactamase	penam;penem
NZ_CP157361.1	LEN-7	LEN beta-lactamase	penam;penem
NZ_CP157363.1	LEN-7	LEN beta-lactamase	penam;penem
NZ_CP157361.1	LEN-8	LEN beta-lactamase	penam;penem
NZ_CP157361.1	LEN-9	LEN beta-lactamase	penam;penem
NZ_CP157361.1	LptD	ATP-binding cassette (ABC) antibiotic efflux pump	aminocoumarin antibiotic;carbapenem;peptide antibiotic;rifamycin antibiotic
NZ_CP157361.1	MdtQ	Outer Membrane Porin (Opr)	carbapenem;cephalosporin;cephamycin;monobactam;penam;penem
NZ_CP157361.1	MexB	resistance-nodulation-cell division (RND) antibiotic efflux pump	aminocoumarin antibiotic;carbapenem;cephalosporin;cephamycin;diaminopyrimidine antibiotic;fluoroquinolone antibiotic;macrolide antibiotic;monobactam;penam;penem;peptide antibiotic;phenicol antibiotic;sulfonamide antibiotic;tetracycline antibiotic
NZ_CP157361.1	MuxB	resistance-nodulation-cell division (RND) antibiotic efflux pump	aminocoumarin antibiotic;macrolide antibiotic;monobactam;tetracycline antibiotic
NZ_CP157361.1	MuxC	resistance-nodulation-cell division (RND) antibiotic efflux pump	aminocoumarin antibiotic;macrolide antibiotic;monobactam;tetracycline antibiotic
NZ_CP157361.1	OHIO-1	OHIO beta-lactamase	cephalosporin
NZ_CP157363.1	OHIO-1	OHIO beta-lactamase	cephalosporin
NZ_CP157361.1	OKP-A-1	OKP beta-lactamase	cephalosporin;penam
NZ_CP157361.1	OKP-A-10	OKP beta-lactamase	cephalosporin;penam
NZ_CP157361.1	OKP-A-11	OKP beta-lactamase	cephalosporin;penam
NZ_CP157361.1	OKP-A-12	OKP beta-lactamase	cephalosporin;penam
NZ_CP157361.1	OKP-A-13	OKP beta-lactamase	cephalosporin;penam
NZ_CP157361.1	OKP-A-14	OKP beta-lactamase	cephalosporin;penam
NZ_CP157361.1	OKP-A-15	OKP beta-lactamase	cephalosporin;penam
NZ_CP157361.1	OKP-A-16	OKP beta-lactamase	cephalosporin;penam
NZ_CP157361.1	OKP-A-17	OKP beta-lactamase	cephalosporin;penam
NZ_CP157361.1	OKP-A-2	OKP beta-lactamase	cephalosporin;penam
NZ_CP157361.1	OKP-A-3	OKP beta-lactamase	cephalosporin;penam
NZ_CP157361.1	OKP-A-4	OKP beta-lactamase	cephalosporin;penam
NZ_CP157361.1	OKP-A-5	OKP beta-lactamase	cephalosporin;penam
NZ_CP157361.1	OKP-A-6	OKP beta-lactamase	cephalosporin;penam
NZ_CP157361.1	OKP-A-7	OKP beta-lactamase	cephalosporin;penam
NZ_CP157361.1	OKP-A-8	OKP beta-lactamase	cephalosporin;penam
NZ_CP157361.1	OKP-A-9	OKP beta-lactamase	cephalosporin;penam
NZ_CP157361.1	OKP-B-1	OKP beta-lactamase	cephalosporin;penam
NZ_CP157361.1	OKP-B-10	OKP beta-lactamase	cephalosporin;penam
NZ_CP157361.1	OKP-B-11	OKP beta-lactamase	cephalosporin;penam
NZ_CP157361.1	OKP-B-12	OKP beta-lactamase	cephalosporin;penam
NZ_CP157361.1	OKP-B-13	OKP beta-lactamase	cephalosporin;penam
NZ_CP157361.1	OKP-B-14	OKP beta-lactamase	cephalosporin;penam
NZ_CP157361.1	OKP-B-16	OKP beta-lactamase	cephalosporin;penam
NZ_CP157361.1	OKP-B-17	OKP beta-lactamase	cephalosporin;penam
NZ_CP157361.1	OKP-B-18	OKP beta-lactamase	cephalosporin;penam
NZ_CP157361.1	OKP-B-19	OKP beta-lactamase	cephalosporin;penam
NZ_CP157361.1	OKP-B-2	OKP beta-lactamase	cephalosporin;penam
NZ_CP157361.1	OKP-B-20	OKP beta-lactamase	cephalosporin;penam
NZ_CP157361.1	OKP-B-21	OKP beta-lactamase	cephalosporin;penam
NZ_CP157361.1	OKP-B-22	OKP beta-lactamase	cephalosporin;penam
NZ_CP157361.1	OKP-B-23	OKP beta-lactamase	cephalosporin;penam
NZ_CP157361.1	OKP-B-24	OKP beta-lactamase	cephalosporin;penam
NZ_CP157361.1	OKP-B-3	OKP beta-lactamase	cephalosporin;penam
NZ_CP157361.1	OKP-B-34	OKP beta-lactamase	cephalosporin;penam
NZ_CP157361.1	OKP-B-36	OKP beta-lactamase	cephalosporin;penam
NZ_CP157361.1	OKP-B-4	OKP beta-lactamase	cephalosporin;penam
NZ_CP157361.1	OKP-B-40	OKP beta-lactamase	cephalosporin;penam
NZ_CP157361.1	OKP-B-41	OKP beta-lactamase	cephalosporin;penam
NZ_CP157361.1	OKP-B-45	OKP beta-lactamase	cephalosporin;penam
NZ_CP157361.1	OKP-B-5	OKP beta-lactamase	cephalosporin;penam
NZ_CP157361.1	OKP-B-6	OKP beta-lactamase	cephalosporin;penam
NZ_CP157361.1	OKP-B-7	OKP beta-lactamase	cephalosporin;penam
NZ_CP157361.1	OKP-B-8	OKP beta-lactamase	cephalosporin;penam
NZ_CP157361.1	OKP-B-9	OKP beta-lactamase	cephalosporin;penam
NZ_CP157361.1	OKP-C-1	OKP beta-lactamase	cephalosporin;penam
NZ_CP157363.1	OKP-C-1	OKP beta-lactamase	cephalosporin;penam
NZ_CP157361.1	OKP-D-1	OKP beta-lactamase	cephalosporin;penam
NZ_CP157361.1	OmpA	General Bacterial Porin with reduced permeability to peptide antibiotics	peptide antibiotic
NZ_CP157366.1	QnrS1	quinolone resistance protein (qnr)	fluoroquinolone antibiotic
NZ_CP157366.1	QnrS10	quinolone resistance protein (qnr)	fluoroquinolone antibiotic
NZ_CP157366.1	QnrS11	quinolone resistance protein (qnr)	fluoroquinolone antibiotic
NZ_CP157366.1	QnrS12	quinolone resistance protein (qnr)	fluoroquinolone antibiotic
NZ_CP157366.1	QnrS15	quinolone resistance protein (qnr)	fluoroquinolone antibiotic
NZ_CP157366.1	QnrS2	quinolone resistance protein (qnr)	fluoroquinolone antibiotic
NZ_CP157366.1	QnrS3	quinolone resistance protein (qnr)	fluoroquinolone antibiotic
NZ_CP157366.1	QnrS4	quinolone resistance protein (qnr)	fluoroquinolone antibiotic
NZ_CP157366.1	QnrS5	quinolone resistance protein (qnr)	fluoroquinolone antibiotic
NZ_CP157366.1	QnrS6	quinolone resistance protein (qnr)	fluoroquinolone antibiotic
NZ_CP157366.1	QnrS7	quinolone resistance protein (qnr)	fluoroquinolone antibiotic
NZ_CP157366.1	QnrS8	quinolone resistance protein (qnr)	fluoroquinolone antibiotic
NZ_CP157366.1	QnrS9	quinolone resistance protein (qnr)	fluoroquinolone antibiotic
NZ_CP157361.1	SHV-1	SHV beta-lactamase	cephalosporin;penam
NZ_CP157363.1	SHV-1	SHV beta-lactamase	cephalosporin;penam
NZ_CP157361.1	SHV-100	SHV beta-lactamase	cephalosporin;penam
NZ_CP157361.1	SHV-100	SHV beta-lactamase	cephalosporin;penam
NZ_CP157363.1	SHV-100	SHV beta-lactamase	cephalosporin;penam
NZ_CP157363.1	SHV-100	SHV beta-lactamase	cephalosporin;penam
NZ_CP157361.1	SHV-101	SHV beta-lactamase	cephalosporin;penam
NZ_CP157363.1	SHV-101	SHV beta-lactamase	cephalosporin;penam
NZ_CP157361.1	SHV-102	SHV beta-lactamase	cephalosporin;penam
NZ_CP157363.1	SHV-102	SHV beta-lactamase	cephalosporin;penam
NZ_CP157361.1	SHV-103	SHV beta-lactamase	cephalosporin;penam
NZ_CP157363.1	SHV-103	SHV beta-lactamase	cephalosporin;penam
NZ_CP157361.1	SHV-104	SHV beta-lactamase	cephalosporin;penam
NZ_CP157363.1	SHV-104	SHV beta-lactamase	cephalosporin;penam
NZ_CP157361.1	SHV-105	SHV beta-lactamase	cephalosporin;penam
NZ_CP157363.1	SHV-105	SHV beta-lactamase	cephalosporin;penam
NZ_CP157361.1	SHV-106	SHV beta-lactamase	cephalosporin;penam
NZ_CP157363.1	SHV-106	SHV beta-lactamase	cephalosporin;penam
NZ_CP157361.1	SHV-107	SHV beta-lactamase	cephalosporin;penam
NZ_CP157363.1	SHV-107	SHV beta-lactamase	cephalosporin;penam
NZ_CP157361.1	SHV-108	SHV beta-lactamase	cephalosporin;penam
NZ_CP157363.1	SHV-108	SHV beta-lactamase	cephalosporin;penam
NZ_CP157361.1	SHV-109	SHV beta-lactamase	cephalosporin;penam
NZ_CP157363.1	SHV-109	SHV beta-lactamase	cephalosporin;penam
NZ_CP157361.1	SHV-11	SHV beta-lactamase	cephalosporin;penam
NZ_CP157363.1	SHV-11	SHV beta-lactamase	cephalosporin;penam
NZ_CP157361.1	SHV-110	SHV beta-lactamase	cephalosporin;penam
NZ_CP157363.1	SHV-110	SHV beta-lactamase	cephalosporin;penam
NZ_CP157361.1	SHV-111	SHV beta-lactamase	cephalosporin;penam
NZ_CP157363.1	SHV-111	SHV beta-lactamase	cephalosporin;penam
NZ_CP157361.1	SHV-115	SHV beta-lactamase	cephalosporin;penam
NZ_CP157363.1	SHV-115	SHV beta-lactamase	cephalosporin;penam
NZ_CP157361.1	SHV-116	SHV beta-lactamase	cephalosporin;penam
NZ_CP157363.1	SHV-116	SHV beta-lactamase	cephalosporin;penam
NZ_CP157361.1	SHV-119	SHV beta-lactamase	cephalosporin;penam
NZ_CP157363.1	SHV-119	SHV beta-lactamase	cephalosporin;penam
NZ_CP157361.1	SHV-12	SHV beta-lactamase	cephalosporin;penam
NZ_CP157363.1	SHV-12	SHV beta-lactamase	cephalosporin;penam
NZ_CP157361.1	SHV-120	SHV beta-lactamase	cephalosporin;penam
NZ_CP157363.1	SHV-120	SHV beta-lactamase	cephalosporin;penam
NZ_CP157361.1	SHV-121	SHV beta-lactamase	cephalosporin;penam
NZ_CP157363.1	SHV-121	SHV beta-lactamase	cephalosporin;penam
NZ_CP157361.1	SHV-122	SHV beta-lactamase	cephalosporin;penam
NZ_CP157363.1	SHV-122	SHV beta-lactamase	cephalosporin;penam
NZ_CP157361.1	SHV-123	SHV beta-lactamase	cephalosporin;penam
NZ_CP157363.1	SHV-123	SHV beta-lactamase	cephalosporin;penam
NZ_CP157361.1	SHV-124	SHV beta-lactamase	cephalosporin;penam
NZ_CP157363.1	SHV-124	SHV beta-lactamase	cephalosporin;penam
NZ_CP157361.1	SHV-125	SHV beta-lactamase	cephalosporin;penam
NZ_CP157363.1	SHV-125	SHV beta-lactamase	cephalosporin;penam
NZ_CP157361.1	SHV-126	SHV beta-lactamase	cephalosporin;penam
NZ_CP157363.1	SHV-126	SHV beta-lactamase	cephalosporin;penam
NZ_CP157361.1	SHV-127	SHV beta-lactamase	cephalosporin;penam
NZ_CP157363.1	SHV-127	SHV beta-lactamase	cephalosporin;penam
NZ_CP157361.1	SHV-128	SHV beta-lactamase	cephalosporin;penam
NZ_CP157363.1	SHV-128	SHV beta-lactamase	cephalosporin;penam
NZ_CP157361.1	SHV-129	SHV beta-lactamase	cephalosporin;penam
NZ_CP157363.1	SHV-129	SHV beta-lactamase	cephalosporin;penam
NZ_CP157361.1	SHV-13	SHV beta-lactamase	cephalosporin;penam
NZ_CP157363.1	SHV-13	SHV beta-lactamase	cephalosporin;penam
NZ_CP157361.1	SHV-132	SHV beta-lactamase	cephalosporin;penam
NZ_CP157363.1	SHV-132	SHV beta-lactamase	cephalosporin;penam
NZ_CP157361.1	SHV-133	SHV beta-lactamase	cephalosporin;penam
NZ_CP157363.1	SHV-133	SHV beta-lactamase	cephalosporin;penam
NZ_CP157361.1	SHV-134	SHV beta-lactamase	cephalosporin;penam
NZ_CP157363.1	SHV-134	SHV beta-lactamase	cephalosporin;penam
NZ_CP157361.1	SHV-135	SHV beta-lactamase	cephalosporin;penam
NZ_CP157363.1	SHV-135	SHV beta-lactamase	cephalosporin;penam
NZ_CP157361.1	SHV-137	SHV beta-lactamase	cephalosporin;penam
NZ_CP157363.1	SHV-137	SHV beta-lactamase	cephalosporin;penam
NZ_CP157361.1	SHV-14	SHV beta-lactamase	cephalosporin;penam
NZ_CP157363.1	SHV-14	SHV beta-lactamase	cephalosporin;penam
NZ_CP157361.1	SHV-140	SHV beta-lactamase	cephalosporin;penam
NZ_CP157363.1	SHV-140	SHV beta-lactamase	cephalosporin;penam
NZ_CP157361.1	SHV-141	SHV beta-lactamase	cephalosporin;penam
NZ_CP157363.1	SHV-141	SHV beta-lactamase	cephalosporin;penam
NZ_CP157361.1	SHV-142	SHV beta-lactamase	cephalosporin;penam
NZ_CP157363.1	SHV-142	SHV beta-lactamase	cephalosporin;penam
NZ_CP157361.1	SHV-143	SHV beta-lactamase	cephalosporin;penam
NZ_CP157363.1	SHV-143	SHV beta-lactamase	cephalosporin;penam
NZ_CP157361.1	SHV-144	SHV beta-lactamase	cephalosporin;penam
NZ_CP157363.1	SHV-144	SHV beta-lactamase	cephalosporin;penam
NZ_CP157361.1	SHV-145	SHV beta-lactamase	cephalosporin;penam
NZ_CP157363.1	SHV-145	SHV beta-lactamase	cephalosporin;penam
NZ_CP157361.1	SHV-146	SHV beta-lactamase	cephalosporin;penam
NZ_CP157363.1	SHV-146	SHV beta-lactamase	cephalosporin;penam
NZ_CP157361.1	SHV-147	SHV beta-lactamase	cephalosporin;penam
NZ_CP157363.1	SHV-147	SHV beta-lactamase	cephalosporin;penam
NZ_CP157361.1	SHV-148	SHV beta-lactamase	cephalosporin;penam
NZ_CP157363.1	SHV-148	SHV beta-lactamase	cephalosporin;penam
NZ_CP157361.1	SHV-149	SHV beta-lactamase	cephalosporin;penam
NZ_CP157363.1	SHV-149	SHV beta-lactamase	cephalosporin;penam
NZ_CP157361.1	SHV-15	SHV beta-lactamase	cephalosporin;penam
NZ_CP157363.1	SHV-15	SHV beta-lactamase	cephalosporin;penam
NZ_CP157361.1	SHV-150	SHV beta-lactamase	cephalosporin;penam
NZ_CP157363.1	SHV-150	SHV beta-lactamase	cephalosporin;penam
NZ_CP157361.1	SHV-151	SHV beta-lactamase	cephalosporin;penam
NZ_CP157363.1	SHV-151	SHV beta-lactamase	cephalosporin;penam
NZ_CP157361.1	SHV-152	SHV beta-lactamase	cephalosporin;penam
NZ_CP157363.1	SHV-152	SHV beta-lactamase	cephalosporin;penam
NZ_CP157361.1	SHV-153	SHV beta-lactamase	cephalosporin;penam
NZ_CP157363.1	SHV-153	SHV beta-lactamase	cephalosporin;penam
NZ_CP157361.1	SHV-154	SHV beta-lactamase	cephalosporin;penam
NZ_CP157363.1	SHV-154	SHV beta-lactamase	cephalosporin;penam
NZ_CP157361.1	SHV-155	SHV beta-lactamase	cephalosporin;penam
NZ_CP157363.1	SHV-155	SHV beta-lactamase	cephalosporin;penam
NZ_CP157361.1	SHV-156	SHV beta-lactamase	cephalosporin;penam
NZ_CP157363.1	SHV-156	SHV beta-lactamase	cephalosporin;penam
NZ_CP157361.1	SHV-157	SHV beta-lactamase	cephalosporin;penam
NZ_CP157363.1	SHV-157	SHV beta-lactamase	cephalosporin;penam
NZ_CP157361.1	SHV-158	SHV beta-lactamase	cephalosporin;penam
NZ_CP157363.1	SHV-158	SHV beta-lactamase	cephalosporin;penam
NZ_CP157361.1	SHV-159	SHV beta-lactamase	cephalosporin;penam
NZ_CP157363.1	SHV-159	SHV beta-lactamase	cephalosporin;penam
NZ_CP157361.1	SHV-16	SHV beta-lactamase	cephalosporin;penam
NZ_CP157361.1	SHV-160	SHV beta-lactamase	cephalosporin;penam
NZ_CP157363.1	SHV-160	SHV beta-lactamase	cephalosporin;penam
NZ_CP157361.1	SHV-161	SHV beta-lactamase	cephalosporin;penam
NZ_CP157363.1	SHV-161	SHV beta-lactamase	cephalosporin;penam
NZ_CP157361.1	SHV-162	SHV beta-lactamase	cephalosporin;penam
NZ_CP157363.1	SHV-162	SHV beta-lactamase	cephalosporin;penam
NZ_CP157361.1	SHV-163	SHV beta-lactamase	cephalosporin;penam
NZ_CP157363.1	SHV-163	SHV beta-lactamase	cephalosporin;penam
NZ_CP157361.1	SHV-164	SHV beta-lactamase	cephalosporin;penam
NZ_CP157363.1	SHV-164	SHV beta-lactamase	cephalosporin;penam
NZ_CP157361.1	SHV-165	SHV beta-lactamase	cephalosporin;penam
NZ_CP157363.1	SHV-165	SHV beta-lactamase	cephalosporin;penam
NZ_CP157361.1	SHV-167	SHV beta-lactamase	cephalosporin;penam
NZ_CP157363.1	SHV-167	SHV beta-lactamase	cephalosporin;penam
NZ_CP157361.1	SHV-168	SHV beta-lactamase	cephalosporin;penam
NZ_CP157363.1	SHV-168	SHV beta-lactamase	cephalosporin;penam
NZ_CP157361.1	SHV-171	SHV beta-lactamase	cephalosporin;penam
NZ_CP157363.1	SHV-171	SHV beta-lactamase	cephalosporin;penam
NZ_CP157361.1	SHV-172	SHV beta-lactamase	cephalosporin;penam
NZ_CP157363.1	SHV-172	SHV beta-lactamase	cephalosporin;penam
NZ_CP157361.1	SHV-173	SHV beta-lactamase	cephalosporin;penam
NZ_CP157363.1	SHV-173	SHV beta-lactamase	cephalosporin;penam
NZ_CP157361.1	SHV-178	SHV beta-lactamase	cephalosporin;penam
NZ_CP157363.1	SHV-178	SHV beta-lactamase	cephalosporin;penam
NZ_CP157361.1	SHV-179	SHV beta-lactamase	cephalosporin;penam
NZ_CP157363.1	SHV-179	SHV beta-lactamase	cephalosporin;penam
NZ_CP157361.1	SHV-18	SHV beta-lactamase	cephalosporin;penam
NZ_CP157363.1	SHV-18	SHV beta-lactamase	cephalosporin;penam
NZ_CP157361.1	SHV-180	SHV beta-lactamase	cephalosporin;penam
NZ_CP157363.1	SHV-180	SHV beta-lactamase	cephalosporin;penam
NZ_CP157361.1	SHV-182	SHV beta-lactamase	cephalosporin;penam
NZ_CP157363.1	SHV-182	SHV beta-lactamase	cephalosporin;penam
NZ_CP157361.1	SHV-183	SHV beta-lactamase	cephalosporin;penam
NZ_CP157363.1	SHV-183	SHV beta-lactamase	cephalosporin;penam
NZ_CP157361.1	SHV-185	SHV beta-lactamase	cephalosporin;penam
NZ_CP157363.1	SHV-185	SHV beta-lactamase	cephalosporin;penam
NZ_CP157361.1	SHV-186	SHV beta-lactamase	cephalosporin;penam
NZ_CP157363.1	SHV-186	SHV beta-lactamase	cephalosporin;penam
NZ_CP157361.1	SHV-187	SHV beta-lactamase	cephalosporin;penam
NZ_CP157363.1	SHV-187	SHV beta-lactamase	cephalosporin;penam
NZ_CP157361.1	SHV-188	SHV beta-lactamase	cephalosporin;penam
NZ_CP157363.1	SHV-188	SHV beta-lactamase	cephalosporin;penam
NZ_CP157361.1	SHV-189	SHV beta-lactamase	cephalosporin;penam
NZ_CP157363.1	SHV-189	SHV beta-lactamase	cephalosporin;penam
NZ_CP157361.1	SHV-19	SHV beta-lactamase	cephalosporin;penam
NZ_CP157363.1	SHV-19	SHV beta-lactamase	cephalosporin;penam
NZ_CP157361.1	SHV-190	SHV beta-lactamase	cephalosporin;penam
NZ_CP157363.1	SHV-190	SHV beta-lactamase	cephalosporin;penam
NZ_CP157361.1	SHV-191	SHV beta-lactamase	cephalosporin;penam
NZ_CP157363.1	SHV-191	SHV beta-lactamase	cephalosporin;penam
NZ_CP157361.1	SHV-193	SHV beta-lactamase	cephalosporin;penam
NZ_CP157363.1	SHV-193	SHV beta-lactamase	cephalosporin;penam
NZ_CP157361.1	SHV-194	SHV beta-lactamase	cephalosporin;penam
NZ_CP157363.1	SHV-194	SHV beta-lactamase	cephalosporin;penam
NZ_CP157361.1	SHV-195	SHV beta-lactamase	cephalosporin;penam
NZ_CP157363.1	SHV-195	SHV beta-lactamase	cephalosporin;penam
NZ_CP157361.1	SHV-196	SHV beta-lactamase	cephalosporin;penam
NZ_CP157363.1	SHV-196	SHV beta-lactamase	cephalosporin;penam
NZ_CP157361.1	SHV-197	SHV beta-lactamase	cephalosporin;penam
NZ_CP157363.1	SHV-197	SHV beta-lactamase	cephalosporin;penam
NZ_CP157361.1	SHV-198	SHV beta-lactamase	cephalosporin;penam
NZ_CP157363.1	SHV-198	SHV beta-lactamase	cephalosporin;penam
NZ_CP157361.1	SHV-199	SHV beta-lactamase	cephalosporin;penam
NZ_CP157363.1	SHV-199	SHV beta-lactamase	cephalosporin;penam
NZ_CP157361.1	SHV-1b-b	SHV beta-lactamase	cephalosporin;penam
NZ_CP157363.1	SHV-1b-b	SHV beta-lactamase	cephalosporin;penam
NZ_CP157361.1	SHV-2	SHV beta-lactamase	cephalosporin;penam
NZ_CP157363.1	SHV-2	SHV beta-lactamase	cephalosporin;penam
NZ_CP157361.1	SHV-20	SHV beta-lactamase	cephalosporin;penam
NZ_CP157363.1	SHV-20	SHV beta-lactamase	cephalosporin;penam
NZ_CP157361.1	SHV-200	SHV beta-lactamase	cephalosporin;penam
NZ_CP157363.1	SHV-200	SHV beta-lactamase	cephalosporin;penam
NZ_CP157361.1	SHV-201	SHV beta-lactamase	cephalosporin;penam
NZ_CP157363.1	SHV-201	SHV beta-lactamase	cephalosporin;penam
NZ_CP157361.1	SHV-202	SHV beta-lactamase	cephalosporin;penam
NZ_CP157363.1	SHV-202	SHV beta-lactamase	cephalosporin;penam
NZ_CP157361.1	SHV-203	SHV beta-lactamase	cephalosporin;penam
NZ_CP157363.1	SHV-203	SHV beta-lactamase	cephalosporin;penam
NZ_CP157361.1	SHV-204	SHV beta-lactamase	cephalosporin;penam
NZ_CP157363.1	SHV-204	SHV beta-lactamase	cephalosporin;penam
NZ_CP157361.1	SHV-205	SHV beta-lactamase	cephalosporin;penam
NZ_CP157363.1	SHV-205	SHV beta-lactamase	cephalosporin;penam
NZ_CP157361.1	SHV-206	SHV beta-lactamase	cephalosporin;penam
NZ_CP157363.1	SHV-206	SHV beta-lactamase	cephalosporin;penam
NZ_CP157361.1	SHV-207	SHV beta-lactamase	cephalosporin;penam
NZ_CP157363.1	SHV-207	SHV beta-lactamase	cephalosporin;penam
NZ_CP157361.1	SHV-208	SHV beta-lactamase	cephalosporin;penam
NZ_CP157363.1	SHV-208	SHV beta-lactamase	cephalosporin;penam
NZ_CP157361.1	SHV-209	SHV beta-lactamase	cephalosporin;penam
NZ_CP157363.1	SHV-209	SHV beta-lactamase	cephalosporin;penam
NZ_CP157361.1	SHV-21	SHV beta-lactamase	cephalosporin;penam
NZ_CP157363.1	SHV-21	SHV beta-lactamase	cephalosporin;penam
NZ_CP157361.1	SHV-210	SHV beta-lactamase	cephalosporin;penam
NZ_CP157363.1	SHV-210	SHV beta-lactamase	cephalosporin;penam
NZ_CP157361.1	SHV-211	SHV beta-lactamase	cephalosporin;penam
NZ_CP157363.1	SHV-211	SHV beta-lactamase	cephalosporin;penam
NZ_CP157361.1	SHV-212	SHV beta-lactamase	cephalosporin;penam
NZ_CP157363.1	SHV-212	SHV beta-lactamase	cephalosporin;penam
NZ_CP157361.1	SHV-213	SHV beta-lactamase	cephalosporin;penam
NZ_CP157363.1	SHV-213	SHV beta-lactamase	cephalosporin;penam
NZ_CP157361.1	SHV-214	SHV beta-lactamase	cephalosporin;penam
NZ_CP157363.1	SHV-214	SHV beta-lactamase	cephalosporin;penam
NZ_CP157361.1	SHV-215	SHV beta-lactamase	cephalosporin;penam
NZ_CP157363.1	SHV-215	SHV beta-lactamase	cephalosporin;penam
NZ_CP157361.1	SHV-216	SHV beta-lactamase	cephalosporin;penam
NZ_CP157363.1	SHV-216	SHV beta-lactamase	cephalosporin;penam
NZ_CP157361.1	SHV-217	SHV beta-lactamase	cephalosporin;penam
NZ_CP157363.1	SHV-217	SHV beta-lactamase	cephalosporin;penam
NZ_CP157361.1	SHV-218	SHV beta-lactamase	cephalosporin;penam
NZ_CP157363.1	SHV-218	SHV beta-lactamase	cephalosporin;penam
NZ_CP157361.1	SHV-219	SHV beta-lactamase	cephalosporin;penam
NZ_CP157363.1	SHV-219	SHV beta-lactamase	cephalosporin;penam
NZ_CP157361.1	SHV-22	SHV beta-lactamase	cephalosporin;penam
NZ_CP157363.1	SHV-22	SHV beta-lactamase	cephalosporin;penam
NZ_CP157361.1	SHV-220	SHV beta-lactamase	cephalosporin;penam
NZ_CP157363.1	SHV-220	SHV beta-lactamase	cephalosporin;penam
NZ_CP157361.1	SHV-221	SHV beta-lactamase	cephalosporin;penam
NZ_CP157363.1	SHV-221	SHV beta-lactamase	cephalosporin;penam
NZ_CP157361.1	SHV-222	SHV beta-lactamase	cephalosporin;penam
NZ_CP157363.1	SHV-222	SHV beta-lactamase	cephalosporin;penam
NZ_CP157361.1	SHV-223	SHV beta-lactamase	cephalosporin;penam
NZ_CP157363.1	SHV-223	SHV beta-lactamase	cephalosporin;penam
NZ_CP157361.1	SHV-224	SHV beta-lactamase	cephalosporin;penam
NZ_CP157363.1	SHV-224	SHV beta-lactamase	cephalosporin;penam
NZ_CP157361.1	SHV-225	SHV beta-lactamase	cephalosporin;penam
NZ_CP157363.1	SHV-225	SHV beta-lactamase	cephalosporin;penam
NZ_CP157361.1	SHV-226	SHV beta-lactamase	cephalosporin;penam
NZ_CP157363.1	SHV-226	SHV beta-lactamase	cephalosporin;penam
NZ_CP157361.1	SHV-227	SHV beta-lactamase	cephalosporin;penam
NZ_CP157363.1	SHV-227	SHV beta-lactamase	cephalosporin;penam
NZ_CP157361.1	SHV-228	SHV beta-lactamase	cephalosporin;penam
NZ_CP157363.1	SHV-228	SHV beta-lactamase	cephalosporin;penam
NZ_CP157361.1	SHV-23	SHV beta-lactamase	cephalosporin;penam
NZ_CP157363.1	SHV-23	SHV beta-lactamase	cephalosporin;penam
NZ_CP157361.1	SHV-24	SHV beta-lactamase	cephalosporin;penam
NZ_CP157363.1	SHV-24	SHV beta-lactamase	cephalosporin;penam
NZ_CP157361.1	SHV-25	SHV beta-lactamase	cephalosporin;penam
NZ_CP157363.1	SHV-25	SHV beta-lactamase	cephalosporin;penam
NZ_CP157361.1	SHV-26	SHV beta-lactamase	cephalosporin;penam
NZ_CP157363.1	SHV-26	SHV beta-lactamase	cephalosporin;penam
NZ_CP157361.1	SHV-27	SHV beta-lactamase	cephalosporin;penam
NZ_CP157363.1	SHV-27	SHV beta-lactamase	cephalosporin;penam
NZ_CP157361.1	SHV-28	SHV beta-lactamase	cephalosporin;penam
NZ_CP157363.1	SHV-28	SHV beta-lactamase	cephalosporin;penam
NZ_CP157361.1	SHV-29	SHV beta-lactamase	cephalosporin;penam
NZ_CP157363.1	SHV-29	SHV beta-lactamase	cephalosporin;penam
NZ_CP157361.1	SHV-2A	SHV beta-lactamase	cephalosporin;penam
NZ_CP157363.1	SHV-2A	SHV beta-lactamase	cephalosporin;penam
NZ_CP157361.1	SHV-3	SHV beta-lactamase	cephalosporin;penam
NZ_CP157363.1	SHV-3	SHV beta-lactamase	cephalosporin;penam
NZ_CP157361.1	SHV-30	SHV beta-lactamase	cephalosporin;penam
NZ_CP157363.1	SHV-30	SHV beta-lactamase	cephalosporin;penam
NZ_CP157361.1	SHV-31	SHV beta-lactamase	cephalosporin;penam
NZ_CP157363.1	SHV-31	SHV beta-lactamase	cephalosporin;penam
NZ_CP157361.1	SHV-32	SHV beta-lactamase	cephalosporin;penam
NZ_CP157363.1	SHV-32	SHV beta-lactamase	cephalosporin;penam
NZ_CP157361.1	SHV-33	SHV beta-lactamase	cephalosporin;penam
NZ_CP157363.1	SHV-33	SHV beta-lactamase	cephalosporin;penam
NZ_CP157361.1	SHV-34	SHV beta-lactamase	cephalosporin;penam
NZ_CP157363.1	SHV-34	SHV beta-lactamase	cephalosporin;penam
NZ_CP157361.1	SHV-35	SHV beta-lactamase	cephalosporin;penam
NZ_CP157363.1	SHV-35	SHV beta-lactamase	cephalosporin;penam
NZ_CP157361.1	SHV-36	SHV beta-lactamase	cephalosporin;penam
NZ_CP157363.1	SHV-36	SHV beta-lactamase	cephalosporin;penam
NZ_CP157361.1	SHV-37	SHV beta-lactamase	cephalosporin;penam
NZ_CP157363.1	SHV-37	SHV beta-lactamase	cephalosporin;penam
NZ_CP157361.1	SHV-38	SHV beta-lactamase	cephalosporin;penam
NZ_CP157363.1	SHV-38	SHV beta-lactamase	cephalosporin;penam
NZ_CP157361.1	SHV-4	SHV beta-lactamase	cephalosporin;penam
NZ_CP157363.1	SHV-4	SHV beta-lactamase	cephalosporin;penam
NZ_CP157361.1	SHV-40	SHV beta-lactamase	cephalosporin;penam
NZ_CP157363.1	SHV-40	SHV beta-lactamase	cephalosporin;penam
NZ_CP157361.1	SHV-41	SHV beta-lactamase	cephalosporin;penam
NZ_CP157363.1	SHV-41	SHV beta-lactamase	cephalosporin;penam
NZ_CP157361.1	SHV-42	SHV beta-lactamase	cephalosporin;penam
NZ_CP157363.1	SHV-42	SHV beta-lactamase	cephalosporin;penam
NZ_CP157361.1	SHV-43	SHV beta-lactamase	cephalosporin;penam
NZ_CP157363.1	SHV-43	SHV beta-lactamase	cephalosporin;penam
NZ_CP157361.1	SHV-44	SHV beta-lactamase	cephalosporin;penam
NZ_CP157363.1	SHV-44	SHV beta-lactamase	cephalosporin;penam
NZ_CP157361.1	SHV-45	SHV beta-lactamase	cephalosporin;penam
NZ_CP157363.1	SHV-45	SHV beta-lactamase	cephalosporin;penam
NZ_CP157361.1	SHV-46	SHV beta-lactamase	cephalosporin;penam
NZ_CP157363.1	SHV-46	SHV beta-lactamase	cephalosporin;penam
NZ_CP157361.1	SHV-48	SHV beta-lactamase	cephalosporin;penam
NZ_CP157363.1	SHV-48	SHV beta-lactamase	cephalosporin;penam
NZ_CP157361.1	SHV-49	SHV beta-lactamase	cephalosporin;penam
NZ_CP157363.1	SHV-49	SHV beta-lactamase	cephalosporin;penam
NZ_CP157361.1	SHV-5	SHV beta-lactamase	cephalosporin;penam
NZ_CP157363.1	SHV-5	SHV beta-lactamase	cephalosporin;penam
NZ_CP157361.1	SHV-50	SHV beta-lactamase	cephalosporin;penam
NZ_CP157363.1	SHV-50	SHV beta-lactamase	cephalosporin;penam
NZ_CP157361.1	SHV-51	SHV beta-lactamase	cephalosporin;penam
NZ_CP157363.1	SHV-51	SHV beta-lactamase	cephalosporin;penam
NZ_CP157361.1	SHV-52	SHV beta-lactamase	cephalosporin;penam
NZ_CP157363.1	SHV-52	SHV beta-lactamase	cephalosporin;penam
NZ_CP157361.1	SHV-53	SHV beta-lactamase	cephalosporin;penam
NZ_CP157363.1	SHV-53	SHV beta-lactamase	cephalosporin;penam
NZ_CP157361.1	SHV-55	SHV beta-lactamase	cephalosporin;penam
NZ_CP157363.1	SHV-55	SHV beta-lactamase	cephalosporin;penam
NZ_CP157361.1	SHV-56	SHV beta-lactamase	cephalosporin;penam
NZ_CP157363.1	SHV-56	SHV beta-lactamase	cephalosporin;penam
NZ_CP157361.1	SHV-57	SHV beta-lactamase	cephalosporin;penam
NZ_CP157363.1	SHV-57	SHV beta-lactamase	cephalosporin;penam
NZ_CP157361.1	SHV-59	SHV beta-lactamase	cephalosporin;penam
NZ_CP157363.1	SHV-59	SHV beta-lactamase	cephalosporin;penam
NZ_CP157361.1	SHV-6	SHV beta-lactamase	cephalosporin;penam
NZ_CP157363.1	SHV-6	SHV beta-lactamase	cephalosporin;penam
NZ_CP157361.1	SHV-60	SHV beta-lactamase	cephalosporin;penam
NZ_CP157363.1	SHV-60	SHV beta-lactamase	cephalosporin;penam
NZ_CP157361.1	SHV-61	SHV beta-lactamase	cephalosporin;penam
NZ_CP157363.1	SHV-61	SHV beta-lactamase	cephalosporin;penam
NZ_CP157361.1	SHV-62	SHV beta-lactamase	cephalosporin;penam
NZ_CP157363.1	SHV-62	SHV beta-lactamase	cephalosporin;penam
NZ_CP157361.1	SHV-63	SHV beta-lactamase	cephalosporin;penam
NZ_CP157363.1	SHV-63	SHV beta-lactamase	cephalosporin;penam
NZ_CP157361.1	SHV-64	SHV beta-lactamase	cephalosporin;penam
NZ_CP157363.1	SHV-64	SHV beta-lactamase	cephalosporin;penam
NZ_CP157361.1	SHV-65	SHV beta-lactamase	cephalosporin;penam
NZ_CP157363.1	SHV-65	SHV beta-lactamase	cephalosporin;penam
NZ_CP157361.1	SHV-66	SHV beta-lactamase	cephalosporin;penam
NZ_CP157363.1	SHV-66	SHV beta-lactamase	cephalosporin;penam
NZ_CP157361.1	SHV-67	SHV beta-lactamase	cephalosporin;penam
NZ_CP157363.1	SHV-67	SHV beta-lactamase	cephalosporin;penam
NZ_CP157361.1	SHV-69	SHV beta-lactamase	cephalosporin;penam
NZ_CP157363.1	SHV-69	SHV beta-lactamase	cephalosporin;penam
NZ_CP157361.1	SHV-7	SHV beta-lactamase	cephalosporin;penam
NZ_CP157363.1	SHV-7	SHV beta-lactamase	cephalosporin;penam
NZ_CP157361.1	SHV-70	SHV beta-lactamase	cephalosporin;penam
NZ_CP157363.1	SHV-70	SHV beta-lactamase	cephalosporin;penam
NZ_CP157361.1	SHV-71	SHV beta-lactamase	cephalosporin;penam
NZ_CP157363.1	SHV-71	SHV beta-lactamase	cephalosporin;penam
NZ_CP157361.1	SHV-72	SHV beta-lactamase	cephalosporin;penam
NZ_CP157363.1	SHV-72	SHV beta-lactamase	cephalosporin;penam
NZ_CP157361.1	SHV-73	SHV beta-lactamase	cephalosporin;penam
NZ_CP157363.1	SHV-73	SHV beta-lactamase	cephalosporin;penam
NZ_CP157361.1	SHV-74	SHV beta-lactamase	cephalosporin;penam
NZ_CP157363.1	SHV-74	SHV beta-lactamase	cephalosporin;penam
NZ_CP157361.1	SHV-75	SHV beta-lactamase	cephalosporin;penam
NZ_CP157363.1	SHV-75	SHV beta-lactamase	cephalosporin;penam
NZ_CP157361.1	SHV-76	SHV beta-lactamase	cephalosporin;penam
NZ_CP157363.1	SHV-76	SHV beta-lactamase	cephalosporin;penam
NZ_CP157361.1	SHV-77	SHV beta-lactamase	cephalosporin;penam
NZ_CP157363.1	SHV-77	SHV beta-lactamase	cephalosporin;penam
NZ_CP157361.1	SHV-78	SHV beta-lactamase	cephalosporin;penam
NZ_CP157363.1	SHV-78	SHV beta-lactamase	cephalosporin;penam
NZ_CP157361.1	SHV-79	SHV beta-lactamase	cephalosporin;penam
NZ_CP157363.1	SHV-79	SHV beta-lactamase	cephalosporin;penam
NZ_CP157361.1	SHV-8	SHV beta-lactamase	cephalosporin;penam
NZ_CP157363.1	SHV-8	SHV beta-lactamase	cephalosporin;penam
NZ_CP157361.1	SHV-80	SHV beta-lactamase	cephalosporin;penam
NZ_CP157363.1	SHV-80	SHV beta-lactamase	cephalosporin;penam
NZ_CP157361.1	SHV-81	SHV beta-lactamase	cephalosporin;penam
NZ_CP157363.1	SHV-81	SHV beta-lactamase	cephalosporin;penam
NZ_CP157361.1	SHV-82	SHV beta-lactamase	cephalosporin;penam
NZ_CP157363.1	SHV-82	SHV beta-lactamase	cephalosporin;penam
NZ_CP157361.1	SHV-83	SHV beta-lactamase	cephalosporin;penam
NZ_CP157363.1	SHV-83	SHV beta-lactamase	cephalosporin;penam
NZ_CP157361.1	SHV-84	SHV beta-lactamase	cephalosporin;penam
NZ_CP157363.1	SHV-84	SHV beta-lactamase	cephalosporin;penam
NZ_CP157361.1	SHV-85	SHV beta-lactamase	cephalosporin;penam
NZ_CP157363.1	SHV-85	SHV beta-lactamase	cephalosporin;penam
NZ_CP157361.1	SHV-86	SHV beta-lactamase	cephalosporin;penam
NZ_CP157363.1	SHV-86	SHV beta-lactamase	cephalosporin;penam
NZ_CP157361.1	SHV-89	SHV beta-lactamase	cephalosporin;penam
NZ_CP157363.1	SHV-89	SHV beta-lactamase	cephalosporin;penam
NZ_CP157361.1	SHV-9	SHV beta-lactamase	cephalosporin;penam
NZ_CP157363.1	SHV-9	SHV beta-lactamase	cephalosporin;penam
NZ_CP157361.1	SHV-92	SHV beta-lactamase	cephalosporin;penam
NZ_CP157363.1	SHV-92	SHV beta-lactamase	cephalosporin;penam
NZ_CP157361.1	SHV-93	SHV beta-lactamase	cephalosporin;penam
NZ_CP157363.1	SHV-93	SHV beta-lactamase	cephalosporin;penam
NZ_CP157361.1	SHV-94	SHV beta-lactamase	cephalosporin;penam
NZ_CP157363.1	SHV-94	SHV beta-lactamase	cephalosporin;penam
NZ_CP157361.1	SHV-95	SHV beta-lactamase	cephalosporin;penam
NZ_CP157363.1	SHV-95	SHV beta-lactamase	cephalosporin;penam
NZ_CP157361.1	SHV-96	SHV beta-lactamase	cephalosporin;penam
NZ_CP157363.1	SHV-96	SHV beta-lactamase	cephalosporin;penam
NZ_CP157361.1	SHV-97	SHV beta-lactamase	cephalosporin;penam
NZ_CP157363.1	SHV-97	SHV beta-lactamase	cephalosporin;penam
NZ_CP157361.1	SHV-98	SHV beta-lactamase	cephalosporin;penam
NZ_CP157363.1	SHV-98	SHV beta-lactamase	cephalosporin;penam
NZ_CP157361.1	SHV-99	SHV beta-lactamase	cephalosporin;penam
NZ_CP157363.1	SHV-99	SHV beta-lactamase	cephalosporin;penam
NZ_CP157361.1	Shigella flexneri acrA	resistance-nodulation-cell division (RND) antibiotic efflux pump	cephalosporin;disinfecting agents and antiseptics;fluoroquinolone antibiotic;glycylcycline;penam;phenicol antibiotic;rifamycin antibiotic;tetracycline antibiotic
NZ_CP157363.1	TEM-1	TEM beta-lactamase	cephalosporin;monobactam;penam;penem
NZ_CP157363.1	TEM-10	TEM beta-lactamase	cephalosporin;monobactam;penam;penem
NZ_CP157363.1	TEM-101	TEM beta-lactamase	cephalosporin;monobactam;penam;penem
NZ_CP157363.1	TEM-102	TEM beta-lactamase	cephalosporin;monobactam;penam;penem
NZ_CP157363.1	TEM-103	TEM beta-lactamase	cephalosporin;monobactam;penam;penem
NZ_CP157363.1	TEM-104	TEM beta-lactamase	cephalosporin;monobactam;penam;penem
NZ_CP157363.1	TEM-105	TEM beta-lactamase	cephalosporin;monobactam;penam;penem
NZ_CP157363.1	TEM-106	TEM beta-lactamase	cephalosporin;monobactam;penam;penem
NZ_CP157363.1	TEM-107	TEM beta-lactamase	cephalosporin;monobactam;penam;penem
NZ_CP157363.1	TEM-108	TEM beta-lactamase	cephalosporin;monobactam;penam;penem
NZ_CP157363.1	TEM-109	TEM beta-lactamase	cephalosporin;monobactam;penam;penem
NZ_CP157363.1	TEM-11	TEM beta-lactamase	cephalosporin;monobactam;penam;penem
NZ_CP157363.1	TEM-110	TEM beta-lactamase	cephalosporin;monobactam;penam;penem
NZ_CP157363.1	TEM-111	TEM beta-lactamase	cephalosporin;monobactam;penam;penem
NZ_CP157363.1	TEM-112	TEM beta-lactamase	cephalosporin;monobactam;penam;penem
NZ_CP157363.1	TEM-113	TEM beta-lactamase	cephalosporin;monobactam;penam;penem
NZ_CP157363.1	TEM-114	TEM beta-lactamase	cephalosporin;monobactam;penam;penem
NZ_CP157363.1	TEM-115	TEM beta-lactamase	cephalosporin;monobactam;penam;penem
NZ_CP157363.1	TEM-116	TEM beta-lactamase	cephalosporin;monobactam;penam;penem
NZ_CP157363.1	TEM-117	TEM beta-lactamase	cephalosporin;monobactam;penam;penem
NZ_CP157363.1	TEM-118	TEM beta-lactamase	cephalosporin;monobactam;penam;penem
NZ_CP157363.1	TEM-12	TEM beta-lactamase	cephalosporin;monobactam;penam;penem
NZ_CP157363.1	TEM-120	TEM beta-lactamase	cephalosporin;monobactam;penam;penem
NZ_CP157363.1	TEM-121	TEM beta-lactamase	cephalosporin;monobactam;penam;penem
NZ_CP157363.1	TEM-122	TEM beta-lactamase	cephalosporin;monobactam;penam;penem
NZ_CP157363.1	TEM-123	TEM beta-lactamase	cephalosporin;monobactam;penam;penem
NZ_CP157363.1	TEM-124	TEM beta-lactamase	cephalosporin;monobactam;penam;penem
NZ_CP157363.1	TEM-125	TEM beta-lactamase	cephalosporin;monobactam;penam;penem
NZ_CP157363.1	TEM-126	TEM beta-lactamase	cephalosporin;monobactam;penam;penem
NZ_CP157363.1	TEM-127	TEM beta-lactamase	cephalosporin;monobactam;penam;penem
NZ_CP157363.1	TEM-128	TEM beta-lactamase	cephalosporin;monobactam;penam;penem
NZ_CP157363.1	TEM-129	TEM beta-lactamase	cephalosporin;monobactam;penam;penem
NZ_CP157363.1	TEM-130	TEM beta-lactamase	cephalosporin;monobactam;penam;penem
NZ_CP157363.1	TEM-131	TEM beta-lactamase	cephalosporin;monobactam;penam;penem
NZ_CP157363.1	TEM-132	TEM beta-lactamase	cephalosporin;monobactam;penam;penem
NZ_CP157363.1	TEM-133	TEM beta-lactamase	cephalosporin;monobactam;penam;penem
NZ_CP157363.1	TEM-134	TEM beta-lactamase	cephalosporin;monobactam;penam;penem
NZ_CP157363.1	TEM-135	TEM beta-lactamase	cephalosporin;monobactam;penam;penem
NZ_CP157363.1	TEM-136	TEM beta-lactamase	cephalosporin;monobactam;penam;penem
NZ_CP157363.1	TEM-137	TEM beta-lactamase	cephalosporin;monobactam;penam;penem
NZ_CP157363.1	TEM-138	TEM beta-lactamase	cephalosporin;monobactam;penam;penem
NZ_CP157363.1	TEM-139	TEM beta-lactamase	cephalosporin;monobactam;penam;penem
NZ_CP157363.1	TEM-141	TEM beta-lactamase	cephalosporin;monobactam;penam;penem
NZ_CP157363.1	TEM-142	TEM beta-lactamase	cephalosporin;monobactam;penam;penem
NZ_CP157363.1	TEM-143	TEM beta-lactamase	cephalosporin;monobactam;penam;penem
NZ_CP157363.1	TEM-144	TEM beta-lactamase	cephalosporin;monobactam;penam;penem
NZ_CP157363.1	TEM-145	TEM beta-lactamase	cephalosporin;monobactam;penam;penem
NZ_CP157363.1	TEM-146	TEM beta-lactamase	cephalosporin;monobactam;penam;penem
NZ_CP157363.1	TEM-147	TEM beta-lactamase	cephalosporin;monobactam;penam;penem
NZ_CP157363.1	TEM-148	TEM beta-lactamase	cephalosporin;monobactam;penam;penem
NZ_CP157363.1	TEM-149	TEM beta-lactamase	cephalosporin;monobactam;penam;penem
NZ_CP157363.1	TEM-15	TEM beta-lactamase	cephalosporin;monobactam;penam;penem
NZ_CP157363.1	TEM-150	TEM beta-lactamase	cephalosporin;monobactam;penam;penem
NZ_CP157363.1	TEM-151	TEM beta-lactamase	cephalosporin;monobactam;penam;penem
NZ_CP157363.1	TEM-152	TEM beta-lactamase	cephalosporin;monobactam;penam;penem
NZ_CP157363.1	TEM-153	TEM beta-lactamase	cephalosporin;monobactam;penam;penem
NZ_CP157363.1	TEM-154	TEM beta-lactamase	cephalosporin;monobactam;penam;penem
NZ_CP157363.1	TEM-155	TEM beta-lactamase	cephalosporin;monobactam;penam;penem
NZ_CP157363.1	TEM-156	TEM beta-lactamase	cephalosporin;monobactam;penam;penem
NZ_CP157363.1	TEM-157	TEM beta-lactamase	cephalosporin;monobactam;penam;penem
NZ_CP157363.1	TEM-158	TEM beta-lactamase	cephalosporin;monobactam;penam;penem
NZ_CP157363.1	TEM-159	TEM beta-lactamase	cephalosporin;monobactam;penam;penem
NZ_CP157363.1	TEM-16	TEM beta-lactamase	cephalosporin;monobactam;penam;penem
NZ_CP157363.1	TEM-160	TEM beta-lactamase	cephalosporin;monobactam;penam;penem
NZ_CP157363.1	TEM-162	TEM beta-lactamase	cephalosporin;monobactam;penam;penem
NZ_CP157363.1	TEM-163	TEM beta-lactamase	cephalosporin;monobactam;penam;penem
NZ_CP157363.1	TEM-164	TEM beta-lactamase	cephalosporin;monobactam;penam;penem
NZ_CP157363.1	TEM-166	TEM beta-lactamase	cephalosporin;monobactam;penam;penem
NZ_CP157363.1	TEM-167	TEM beta-lactamase	cephalosporin;monobactam;penam;penem
NZ_CP157363.1	TEM-168	TEM beta-lactamase	cephalosporin;monobactam;penam;penem
NZ_CP157363.1	TEM-169	TEM beta-lactamase	cephalosporin;monobactam;penam;penem
NZ_CP157363.1	TEM-17	TEM beta-lactamase	cephalosporin;monobactam;penam;penem
NZ_CP157363.1	TEM-171	TEM beta-lactamase	cephalosporin;monobactam;penam;penem
NZ_CP157363.1	TEM-176	TEM beta-lactamase	cephalosporin;monobactam;penam;penem
NZ_CP157363.1	TEM-177	TEM beta-lactamase	cephalosporin;monobactam;penam;penem
NZ_CP157363.1	TEM-178	TEM beta-lactamase	cephalosporin;monobactam;penam;penem
NZ_CP157363.1	TEM-181	TEM beta-lactamase	cephalosporin;monobactam;penam;penem
NZ_CP157363.1	TEM-182	TEM beta-lactamase	cephalosporin;monobactam;penam;penem
NZ_CP157363.1	TEM-183	TEM beta-lactamase	cephalosporin;monobactam;penam;penem
NZ_CP157363.1	TEM-184	TEM beta-lactamase	cephalosporin;monobactam;penam;penem
NZ_CP157363.1	TEM-185	TEM beta-lactamase	cephalosporin;monobactam;penam;penem
NZ_CP157363.1	TEM-186	TEM beta-lactamase	cephalosporin;monobactam;penam;penem
NZ_CP157363.1	TEM-187	TEM beta-lactamase	cephalosporin;monobactam;penam;penem
NZ_CP157363.1	TEM-188	TEM beta-lactamase	cephalosporin;monobactam;penam;penem
NZ_CP157363.1	TEM-189	TEM beta-lactamase	cephalosporin;monobactam;penam;penem
NZ_CP157363.1	TEM-19	TEM beta-lactamase	cephalosporin;monobactam;penam;penem
NZ_CP157363.1	TEM-190	TEM beta-lactamase	cephalosporin;monobactam;penam;penem
NZ_CP157363.1	TEM-191	TEM beta-lactamase	cephalosporin;monobactam;penam;penem
NZ_CP157363.1	TEM-192	TEM beta-lactamase	cephalosporin;monobactam;penam;penem
NZ_CP157363.1	TEM-193	TEM beta-lactamase	cephalosporin;monobactam;penam;penem
NZ_CP157363.1	TEM-194	TEM beta-lactamase	cephalosporin;monobactam;penam;penem
NZ_CP157363.1	TEM-195	TEM beta-lactamase	cephalosporin;monobactam;penam;penem
NZ_CP157363.1	TEM-196	TEM beta-lactamase	cephalosporin;monobactam;penam;penem
NZ_CP157363.1	TEM-197	TEM beta-lactamase	cephalosporin;monobactam;penam;penem
NZ_CP157363.1	TEM-198	TEM beta-lactamase	cephalosporin;monobactam;penam;penem
NZ_CP157363.1	TEM-199	TEM beta-lactamase	cephalosporin;monobactam;penam;penem
NZ_CP157363.1	TEM-2	TEM beta-lactamase	cephalosporin;monobactam;penam;penem
NZ_CP157363.1	TEM-20	TEM beta-lactamase	cephalosporin;monobactam;penam;penem
NZ_CP157363.1	TEM-201	TEM beta-lactamase	cephalosporin;monobactam;penam;penem
NZ_CP157363.1	TEM-205	TEM beta-lactamase	cephalosporin;monobactam;penam;penem
NZ_CP157363.1	TEM-206	TEM beta-lactamase	cephalosporin;monobactam;penam;penem
NZ_CP157363.1	TEM-207	TEM beta-lactamase	cephalosporin;monobactam;penam;penem
NZ_CP157363.1	TEM-208	TEM beta-lactamase	cephalosporin;monobactam;penam;penem
NZ_CP157363.1	TEM-209	TEM beta-lactamase	cephalosporin;monobactam;penam;penem
NZ_CP157363.1	TEM-21	TEM beta-lactamase	cephalosporin;monobactam;penam;penem
NZ_CP157363.1	TEM-210	TEM beta-lactamase	cephalosporin;monobactam;penam;penem
NZ_CP157363.1	TEM-211	TEM beta-lactamase	cephalosporin;monobactam;penam;penem
NZ_CP157363.1	TEM-212	TEM beta-lactamase	cephalosporin;monobactam;penam;penem
NZ_CP157363.1	TEM-213	TEM beta-lactamase	cephalosporin;monobactam;penam;penem
NZ_CP157363.1	TEM-214	TEM beta-lactamase	cephalosporin;monobactam;penam;penem
NZ_CP157363.1	TEM-215	TEM beta-lactamase	cephalosporin;monobactam;penam;penem
NZ_CP157363.1	TEM-216	TEM beta-lactamase	cephalosporin;monobactam;penam;penem
NZ_CP157363.1	TEM-217	TEM beta-lactamase	cephalosporin;monobactam;penam;penem
NZ_CP157363.1	TEM-219	TEM beta-lactamase	cephalosporin;monobactam;penam;penem
NZ_CP157363.1	TEM-22	TEM beta-lactamase	cephalosporin;monobactam;penam;penem
NZ_CP157363.1	TEM-220	TEM beta-lactamase	cephalosporin;monobactam;penam;penem
NZ_CP157363.1	TEM-224	TEM beta-lactamase	cephalosporin;monobactam;penam;penem
NZ_CP157363.1	TEM-225	TEM beta-lactamase	cephalosporin;monobactam;penam;penem
NZ_CP157363.1	TEM-226	TEM beta-lactamase	cephalosporin;monobactam;penam;penem
NZ_CP157363.1	TEM-227	TEM beta-lactamase	cephalosporin;monobactam;penam;penem
NZ_CP157363.1	TEM-228	TEM beta-lactamase	cephalosporin;monobactam;penam;penem
NZ_CP157363.1	TEM-229	TEM beta-lactamase	cephalosporin;monobactam;penam;penem
NZ_CP157363.1	TEM-230	TEM beta-lactamase	cephalosporin;monobactam;penam;penem
NZ_CP157363.1	TEM-231	TEM beta-lactamase	cephalosporin;monobactam;penam;penem
NZ_CP157363.1	TEM-232	TEM beta-lactamase	cephalosporin;monobactam;penam;penem
NZ_CP157363.1	TEM-233	TEM beta-lactamase	cephalosporin;monobactam;penam;penem
NZ_CP157363.1	TEM-234	TEM beta-lactamase	cephalosporin;monobactam;penam;penem
NZ_CP157363.1	TEM-235	TEM beta-lactamase	cephalosporin;monobactam;penam;penem
NZ_CP157363.1	TEM-236	TEM beta-lactamase	cephalosporin;monobactam;penam;penem
NZ_CP157363.1	TEM-237	TEM beta-lactamase	cephalosporin;monobactam;penam;penem
NZ_CP157363.1	TEM-238	TEM beta-lactamase	cephalosporin;monobactam;penam;penem
NZ_CP157363.1	TEM-24	TEM beta-lactamase	cephalosporin;monobactam;penam;penem
NZ_CP157363.1	TEM-240	TEM beta-lactamase	cephalosporin;monobactam;penam;penem
NZ_CP157363.1	TEM-241	TEM beta-lactamase	cephalosporin;monobactam;penam;penem
NZ_CP157363.1	TEM-242	TEM beta-lactamase	cephalosporin;monobactam;penam;penem
NZ_CP157363.1	TEM-243	TEM beta-lactamase	cephalosporin;monobactam;penam;penem
NZ_CP157363.1	TEM-244	TEM beta-lactamase	cephalosporin;monobactam;penam;penem
NZ_CP157363.1	TEM-245	TEM beta-lactamase	cephalosporin;monobactam;penam;penem
NZ_CP157363.1	TEM-246	TEM beta-lactamase	cephalosporin;monobactam;penam;penem
NZ_CP157363.1	TEM-247	TEM beta-lactamase	cephalosporin;monobactam;penam;penem
NZ_CP157363.1	TEM-26	TEM beta-lactamase	cephalosporin;monobactam;penam;penem
NZ_CP157363.1	TEM-28	TEM beta-lactamase	cephalosporin;monobactam;penam;penem
NZ_CP157363.1	TEM-29	TEM beta-lactamase	cephalosporin;monobactam;penam;penem
NZ_CP157363.1	TEM-3	TEM beta-lactamase	cephalosporin;monobactam;penam;penem
NZ_CP157363.1	TEM-30	TEM beta-lactamase	cephalosporin;monobactam;penam;penem
NZ_CP157363.1	TEM-31	TEM beta-lactamase	cephalosporin;monobactam;penam;penem
NZ_CP157363.1	TEM-32	TEM beta-lactamase	cephalosporin;monobactam;penam;penem
NZ_CP157363.1	TEM-33	TEM beta-lactamase	cephalosporin;monobactam;penam;penem
NZ_CP157363.1	TEM-34	TEM beta-lactamase	cephalosporin;monobactam;penam;penem
NZ_CP157363.1	TEM-35	TEM beta-lactamase	cephalosporin;monobactam;penam;penem
NZ_CP157363.1	TEM-36	TEM beta-lactamase	cephalosporin;monobactam;penam;penem
NZ_CP157363.1	TEM-37	TEM beta-lactamase	cephalosporin;monobactam;penam;penem
NZ_CP157363.1	TEM-39	TEM beta-lactamase	cephalosporin;monobactam;penam;penem
NZ_CP157363.1	TEM-4	TEM beta-lactamase	cephalosporin;monobactam;penam;penem
NZ_CP157363.1	TEM-40	TEM beta-lactamase	cephalosporin;monobactam;penam;penem
NZ_CP157363.1	TEM-42	TEM beta-lactamase	cephalosporin;monobactam;penam;penem
NZ_CP157363.1	TEM-43	TEM beta-lactamase	cephalosporin;monobactam;penam;penem
NZ_CP157363.1	TEM-45	TEM beta-lactamase	cephalosporin;monobactam;penam;penem
NZ_CP157363.1	TEM-47	TEM beta-lactamase	cephalosporin;monobactam;penam;penem
NZ_CP157363.1	TEM-48	TEM beta-lactamase	cephalosporin;monobactam;penam;penem
NZ_CP157363.1	TEM-49	TEM beta-lactamase	cephalosporin;monobactam;penam;penem
NZ_CP157363.1	TEM-5	TEM beta-lactamase	cephalosporin;monobactam;penam;penem
NZ_CP157363.1	TEM-52	TEM beta-lactamase	cephalosporin;monobactam;penam;penem
NZ_CP157363.1	TEM-53	TEM beta-lactamase	cephalosporin;monobactam;penam;penem
NZ_CP157363.1	TEM-54	TEM beta-lactamase	cephalosporin;monobactam;penam;penem
NZ_CP157363.1	TEM-55	TEM beta-lactamase	cephalosporin;monobactam;penam;penem
NZ_CP157363.1	TEM-57	TEM beta-lactamase	cephalosporin;monobactam;penam;penem
NZ_CP157363.1	TEM-59	TEM beta-lactamase	cephalosporin;monobactam;penam;penem
NZ_CP157363.1	TEM-6	TEM beta-lactamase	cephalosporin;monobactam;penam;penem
NZ_CP157363.1	TEM-60	TEM beta-lactamase	cephalosporin;monobactam;penam;penem
NZ_CP157363.1	TEM-61	TEM beta-lactamase	cephalosporin;monobactam;penam;penem
NZ_CP157363.1	TEM-63	TEM beta-lactamase	cephalosporin;monobactam;penam;penem
NZ_CP157363.1	TEM-67	TEM beta-lactamase	cephalosporin;monobactam;penam;penem
NZ_CP157363.1	TEM-68	TEM beta-lactamase	cephalosporin;monobactam;penam;penem
NZ_CP157363.1	TEM-7	TEM beta-lactamase	cephalosporin;monobactam;penam;penem
NZ_CP157363.1	TEM-70	TEM beta-lactamase	cephalosporin;monobactam;penam;penem
NZ_CP157363.1	TEM-71	TEM beta-lactamase	cephalosporin;monobactam;penam;penem
NZ_CP157363.1	TEM-72	TEM beta-lactamase	cephalosporin;monobactam;penam;penem
NZ_CP157363.1	TEM-73	TEM beta-lactamase	cephalosporin;monobactam;penam;penem
NZ_CP157363.1	TEM-75	TEM beta-lactamase	cephalosporin;monobactam;penam;penem
NZ_CP157363.1	TEM-76	TEM beta-lactamase	cephalosporin;monobactam;penam;penem
NZ_CP157363.1	TEM-78	TEM beta-lactamase	cephalosporin;monobactam;penam;penem
NZ_CP157363.1	TEM-79	TEM beta-lactamase	cephalosporin;monobactam;penam;penem
NZ_CP157363.1	TEM-8	TEM beta-lactamase	cephalosporin;monobactam;penam;penem
NZ_CP157363.1	TEM-80	TEM beta-lactamase	cephalosporin;monobactam;penam;penem
NZ_CP157363.1	TEM-81	TEM beta-lactamase	cephalosporin;monobactam;penam;penem
NZ_CP157363.1	TEM-82	TEM beta-lactamase	cephalosporin;monobactam;penam;penem
NZ_CP157363.1	TEM-83	TEM beta-lactamase	cephalosporin;monobactam;penam;penem
NZ_CP157363.1	TEM-84	TEM beta-lactamase	cephalosporin;monobactam;penam;penem
NZ_CP157363.1	TEM-85	TEM beta-lactamase	cephalosporin;monobactam;penam;penem
NZ_CP157363.1	TEM-86	TEM beta-lactamase	cephalosporin;monobactam;penam;penem
NZ_CP157363.1	TEM-87	TEM beta-lactamase	cephalosporin;monobactam;penam;penem
NZ_CP157363.1	TEM-88	TEM beta-lactamase	cephalosporin;monobactam;penam;penem
NZ_CP157363.1	TEM-89	TEM beta-lactamase	cephalosporin;monobactam;penam;penem
NZ_CP157363.1	TEM-9	TEM beta-lactamase	cephalosporin;monobactam;penam;penem
NZ_CP157363.1	TEM-90	TEM beta-lactamase	cephalosporin;monobactam;penam;penem
NZ_CP157363.1	TEM-91	TEM beta-lactamase	cephalosporin;monobactam;penam;penem
NZ_CP157363.1	TEM-92	TEM beta-lactamase	cephalosporin;monobactam;penam;penem
NZ_CP157363.1	TEM-93	TEM beta-lactamase	cephalosporin;monobactam;penam;penem
NZ_CP157363.1	TEM-94	TEM beta-lactamase	cephalosporin;monobactam;penam;penem
NZ_CP157363.1	TEM-95	TEM beta-lactamase	cephalosporin;monobactam;penam;penem
NZ_CP157363.1	TEM-96	TEM beta-lactamase	cephalosporin;monobactam;penam;penem
NZ_CP157363.1	TEM-98	TEM beta-lactamase	cephalosporin;monobactam;penam;penem
NZ_CP157363.1	TEM-99	TEM beta-lactamase	cephalosporin;monobactam;penam;penem
NZ_CP157361.1	TolC	ATP-binding cassette (ABC) antibiotic efflux pump;major facilitator superfamily (MFS) antibiotic efflux pump;resistance-nodulation-cell division (RND) antibiotic efflux pump	aminocoumarin antibiotic;aminoglycoside antibiotic;carbapenem;cephalosporin;cephamycin;disinfecting agents and antiseptics;fluoroquinolone antibiotic;glycylcycline;macrolide antibiotic;penam;penem;peptide antibiotic;phenicol antibiotic;rifamycin antibiotic;tetracycline antibiotic
NZ_CP157361.1	YojI	ATP-binding cassette (ABC) antibiotic efflux pump	peptide antibiotic
NZ_CP157361.1	aadA	ANT(3'')	aminoglycoside antibiotic
NZ_CP157361.1	aadA11	ANT(3'')	aminoglycoside antibiotic
NZ_CP157361.1	aadA12	ANT(3'')	aminoglycoside antibiotic
NZ_CP157361.1	aadA13	ANT(3'')	aminoglycoside antibiotic
NZ_CP157361.1	aadA15	ANT(3'')	aminoglycoside antibiotic
NZ_CP157361.1	aadA16	ANT(3'')	aminoglycoside antibiotic
NZ_CP157361.1	aadA17	ANT(3'')	aminoglycoside antibiotic
NZ_CP157361.1	aadA2	ANT(3'')	aminoglycoside antibiotic
NZ_CP157361.1	aadA21	ANT(3'')	aminoglycoside antibiotic
NZ_CP157361.1	aadA22	ANT(3'')	aminoglycoside antibiotic
NZ_CP157361.1	aadA23	ANT(3'')	aminoglycoside antibiotic
NZ_CP157361.1	aadA24	ANT(3'')	aminoglycoside antibiotic
NZ_CP157361.1	aadA25	ANT(3'')	aminoglycoside antibiotic
NZ_CP157361.1	aadA3	ANT(3'')	aminoglycoside antibiotic
NZ_CP157361.1	aadA6	ANT(3'')	aminoglycoside antibiotic
NZ_CP157361.1	aadA6/aadA10	ANT(3'')	aminoglycoside antibiotic
NZ_CP157361.1	aadA7	ANT(3'')	aminoglycoside antibiotic
NZ_CP157361.1	aadA8	ANT(3'')	aminoglycoside antibiotic
NZ_CP157361.1	aadA8b	ANT(3'')	aminoglycoside antibiotic
NZ_CP157361.1	acrB	resistance-nodulation-cell division (RND) antibiotic efflux pump	cephalosporin;disinfecting agents and antiseptics;fluoroquinolone antibiotic;glycylcycline;penam;phenicol antibiotic;rifamycin antibiotic;tetracycline antibiotic
NZ_CP157361.1	acrB	resistance-nodulation-cell division (RND) antibiotic efflux pump	cephalosporin;disinfecting agents and antiseptics;fluoroquinolone antibiotic;glycylcycline;penam;phenicol antibiotic;rifamycin antibiotic;tetracycline antibiotic
NZ_CP157361.1	acrB	resistance-nodulation-cell division (RND) antibiotic efflux pump	cephalosporin;disinfecting agents and antiseptics;fluoroquinolone antibiotic;glycylcycline;penam;phenicol antibiotic;rifamycin antibiotic;tetracycline antibiotic
NZ_CP157361.1	acrD	resistance-nodulation-cell division (RND) antibiotic efflux pump	aminoglycoside antibiotic
NZ_CP157361.1	acrD	resistance-nodulation-cell division (RND) antibiotic efflux pump	aminoglycoside antibiotic
NZ_CP157366.1	catII	chloramphenicol acetyltransferase (CAT)	phenicol antibiotic
NZ_CP157366.1	catII from Escherichia coli K-12	chloramphenicol acetyltransferase (CAT)	phenicol antibiotic
NZ_CP157361.1	cpxA	resistance-nodulation-cell division (RND) antibiotic efflux pump	aminocoumarin antibiotic;aminoglycoside antibiotic
NZ_CP157366.1	dfrA14	trimethoprim resistant dihydrofolate reductase dfr	diaminopyrimidine antibiotic
NZ_CP157366.1	dfrA30	trimethoprim resistant dihydrofolate reductase dfr	diaminopyrimidine antibiotic
NZ_CP157366.1	dfrA5	trimethoprim resistant dihydrofolate reductase dfr	diaminopyrimidine antibiotic
NZ_CP157361.1	emrB	major facilitator superfamily (MFS) antibiotic efflux pump	fluoroquinolone antibiotic
NZ_CP157361.1	eptB	pmr phosphoethanolamine transferase	peptide antibiotic
NZ_CP157361.1	fosA5	fosfomycin thiol transferase	aminoglycoside antibiotic;fluoroquinolone antibiotic;phosphonic acid antibiotic
NZ_CP157361.1	mdtB	resistance-nodulation-cell division (RND) antibiotic efflux pump	aminocoumarin antibiotic
NZ_CP157361.1	mdtC	resistance-nodulation-cell division (RND) antibiotic efflux pump	aminocoumarin antibiotic
NZ_CP157361.1	mdtF	resistance-nodulation-cell division (RND) antibiotic efflux pump	fluoroquinolone antibiotic;macrolide antibiotic;penam
NZ_CP157361.1	mexY	resistance-nodulation-cell division (RND) antibiotic efflux pump	aminoglycoside antibiotic;carbapenem;cephalosporin;cephamycin;disinfecting agents and antiseptics;fluoroquinolone antibiotic;macrolide antibiotic;penam;phenicol antibiotic;tetracycline antibiotic
NZ_CP157361.1	mexY	resistance-nodulation-cell division (RND) antibiotic efflux pump	aminoglycoside antibiotic;carbapenem;cephalosporin;cephamycin;disinfecting agents and antiseptics;fluoroquinolone antibiotic;macrolide antibiotic;penam;phenicol antibiotic;tetracycline antibiotic
NZ_CP157361.1	qacE	major facilitator superfamily (MFS) antibiotic efflux pump	disinfecting agents and antiseptics
NZ_CP157361.1	qacEdelta1	major facilitator superfamily (MFS) antibiotic efflux pump	disinfecting agents and antiseptics
NZ_CP157363.1	rmtB	16S rRNA methyltransferase (G1405)	aminoglycoside antibiotic
NZ_CP157361.1	smeE	resistance-nodulation-cell division (RND) antibiotic efflux pump	fluoroquinolone antibiotic;macrolide antibiotic;phenicol antibiotic;tetracycline antibiotic
NZ_CP157361.1	sul1	sulfonamide resistant sul	sulfonamide antibiotic;sulfone antibiotic
NZ_CP157366.1	sul2	sulfonamide resistant sul	sulfonamide antibiotic;sulfone antibiotic
NZ_CP157366.1	tet(A)	major facilitator superfamily (MFS) antibiotic efflux pump	tetracycline antibiotic
